City_ID,City,Lat,Lng,Max Temp,Humidity,Cloudiness,Wind Speed,Country,Date
0,iquique,-20.2208,-70.1431,73.13,74,93,1.52,CL,Mon Feb 19 15:13:59 2024
1,san luis de la loma,17.2706,-100.8939,83.25,54,2,8.03,MX,Mon Feb 19 15:18:01 2024
2,adamstown,-25.066,-130.1015,78.12,84,95,14.14,PN,Mon Feb 19 15:18:01 2024
3,tiksi,71.6872,128.8694,-37.07,98,45,5.39,RU,Mon Feb 19 15:18:02 2024
4,sahab,31.8721,36.005,47.03,87,40,5.75,JO,Mon Feb 19 15:18:02 2024
5,la passe,45.5549,-0.8967,50.99,91,99,7.29,FR,Mon Feb 19 15:18:03 2024
6,grytviken,-54.2811,-36.5092,38.82,82,80,17.13,GS,Mon Feb 19 15:18:04 2024
7,mitu,1.1983,-70.1733,84.29,70,96,1.16,CO,Mon Feb 19 15:18:06 2024
8,mata-utu,-13.2816,-176.1745,82.76,82,100,22.06,WF,Mon Feb 19 15:18:07 2024
9,xishan,27.6667,113.5,53.1,94,100,4.21,CN,Mon Feb 19 15:18:07 2024
10,invercargill,-46.4,168.35,54.01,63,36,15.01,NZ,Mon Feb 19 15:13:27 2024
11,canton,23.1167,113.25,71.55,86,5,8.34,CN,Mon Feb 19 15:17:05 2024
12,vernon,50.2581,-119.2691,44.76,62,98,5.01,CA,Mon Feb 19 15:18:09 2024
13,wailua homesteads,22.0669,-159.378,75.63,53,100,19.57,US,Mon Feb 19 15:18:10 2024
14,nar'yan-mar,67.6713,53.087,18.1,91,100,21.99,RU,Mon Feb 19 15:18:10 2024
15,saint-pierre,-21.3393,55.4781,76.68,73,0,17.27,RE,Mon Feb 19 15:18:11 2024
16,at taj,24.2049,23.2857,54.46,44,26,11.68,LY,Mon Feb 19 15:18:11 2024
17,port-aux-francais,-49.35,70.2167,46.87,95,99,31.18,TF,Mon Feb 19 15:18:12 2024
18,edinburgh of the seven seas,-37.0676,-12.3116,58.96,60,86,5.1,SH,Mon Feb 19 15:18:12 2024
19,remire-montjoly,4.9167,-52.2667,82.44,74,40,6.91,GF,Mon Feb 19 15:18:12 2024
20,waitangi,-43.9535,-176.5597,61.83,70,87,14.0,NZ,Mon Feb 19 15:18:13 2024
21,raja,8.4596,25.678,76.6,16,70,4.45,SS,Mon Feb 19 15:18:13 2024
22,yangambi,0.8102,24.4336,76.15,67,78,1.66,CD,Mon Feb 19 15:18:15 2024
23,san fernando de apure,7.8878,-67.4724,95.97,27,86,8.39,VE,Mon Feb 19 15:18:16 2024
24,yellowknife,62.456,-114.3525,5.41,66,40,5.75,CA,Mon Feb 19 15:18:16 2024
25,talnakh,69.4865,88.3972,-0.8,97,100,16.42,RU,Mon Feb 19 15:14:11 2024
26,puerto natales,-51.7236,-72.4875,64.85,72,75,3.44,CL,Mon Feb 19 15:18:17 2024
27,bodaybo,57.8506,114.1933,-8.75,88,100,9.66,RU,Mon Feb 19 15:18:18 2024
28,papatowai,-46.5619,169.4708,53.31,48,56,15.57,NZ,Mon Feb 19 15:18:18 2024
29,geiro,-6.15,36.8667,64.31,92,100,0.6,TZ,Mon Feb 19 15:18:19 2024
30,villa gesell,-37.2639,-56.973,73.06,83,1,10.02,AR,Mon Feb 19 15:18:19 2024
31,whitehorse,60.7161,-135.0538,35.1,80,75,6.91,CA,Mon Feb 19 15:18:20 2024
32,mount isa,-20.7333,139.5,78.57,89,100,0.0,AU,Mon Feb 19 15:18:21 2024
33,ribeira grande,38.5167,-28.7,63.77,94,100,5.99,PT,Mon Feb 19 15:18:22 2024
34,bethel,41.3712,-73.414,36.93,36,0,6.91,US,Mon Feb 19 15:17:52 2024
35,jamestown,42.097,-79.2353,31.51,70,17,4.97,US,Mon Feb 19 15:17:52 2024
36,maceio,-9.6658,-35.7353,81.84,94,40,5.75,BR,Mon Feb 19 15:18:25 2024
37,vengerovo,55.6848,76.7471,-28.84,100,11,5.17,RU,Mon Feb 19 15:18:25 2024
38,paracuru,-3.41,-39.0306,83.1,83,63,6.51,BR,Mon Feb 19 15:18:26 2024
39,vodnyy,63.5046,53.4095,16.41,93,97,9.78,RU,Mon Feb 19 15:18:26 2024
40,udachny,66.4167,112.4,-4.56,83,100,2.46,RU,Mon Feb 19 15:18:27 2024
41,qamdo,31.1667,97.2333,22.71,54,100,5.84,CN,Mon Feb 19 15:18:27 2024
42,el calafate,-50.3408,-72.2768,62.89,70,73,9.44,AR,Mon Feb 19 15:18:27 2024
43,ushuaia,-54.8,-68.3,53.26,66,75,12.66,AR,Mon Feb 19 15:14:08 2024
44,harper,4.375,-7.7169,81.01,89,47,6.46,LR,Mon Feb 19 15:18:28 2024
45,ilulissat,69.2167,-51.1,35.62,44,20,26.46,GL,Mon Feb 19 15:18:29 2024
46,acapulco de juarez,16.8634,-99.8901,82.22,65,0,14.97,MX,Mon Feb 19 15:17:05 2024
47,qaqortoq,60.7167,-46.0333,33.82,82,93,11.54,GL,Mon Feb 19 15:18:30 2024
48,aykhal,66.0,111.5,-4.05,88,100,5.35,RU,Mon Feb 19 15:18:30 2024
49,taltal,-25.4,-70.4833,70.9,75,100,5.08,CL,Mon Feb 19 15:18:31 2024
50,hadibu,12.65,54.0333,74.37,71,20,6.44,YE,Mon Feb 19 15:18:31 2024
51,petropavlovsk-kamchatsky,53.0452,158.6483,14.59,91,100,6.71,RU,Mon Feb 19 15:14:13 2024
52,umm al quwain city,25.5647,55.5552,64.72,56,0,14.45,AE,Mon Feb 19 15:18:32 2024
53,vuktyl,63.8567,57.3094,18.1,91,100,11.01,RU,Mon Feb 19 15:18:32 2024
54,kivioli,59.3531,26.9711,25.52,89,100,9.42,EE,Mon Feb 19 15:18:33 2024
55,rio grande,-32.035,-52.0986,82.51,74,99,10.71,BR,Mon Feb 19 15:18:33 2024
56,chishmy,54.5765,55.3764,11.8,83,100,9.15,RU,Mon Feb 19 15:18:34 2024
57,santa maria do suacui,-18.1903,-42.4142,71.42,92,36,1.81,BR,Mon Feb 19 15:18:34 2024
58,nuriootpa,-34.4833,139.0,79.65,35,100,7.43,AU,Mon Feb 19 15:18:35 2024
59,gagliano del capo,39.8442,18.3695,54.82,88,69,3.44,IT,Mon Feb 19 15:18:35 2024
60,hawaiian paradise park,19.5933,-154.9731,75.87,77,100,6.91,US,Mon Feb 19 15:18:35 2024
61,tsiombe,-25.3,45.4833,72.81,74,10,12.95,MG,Mon Feb 19 15:18:36 2024
62,torit,4.4133,32.5678,81.72,36,48,3.06,SS,Mon Feb 19 15:18:36 2024
63,kerikeri,-35.2268,173.9474,75.9,71,6,3.0,NZ,Mon Feb 19 15:18:37 2024
64,west island,-12.1568,96.8225,78.78,89,56,3.44,CC,Mon Feb 19 15:18:37 2024
65,isafjordur,66.0755,-23.124,36.77,93,100,11.16,IS,Mon Feb 19 15:18:37 2024
66,hithadhoo,-0.6,73.0833,82.63,82,93,10.63,MV,Mon Feb 19 15:18:39 2024
67,stanley,54.868,-1.6985,46.42,84,20,12.66,GB,Mon Feb 19 15:18:40 2024
68,koksovyy,48.1967,40.5989,21.31,92,22,5.46,RU,Mon Feb 19 15:18:40 2024
69,zaozersk,69.4005,32.4476,23.5,94,100,7.96,RU,Mon Feb 19 15:18:40 2024
70,port lincoln,-34.7333,135.8667,68.27,77,100,7.85,AU,Mon Feb 19 15:18:41 2024
71,new norfolk,-42.7826,147.0587,64.92,70,100,1.72,AU,Mon Feb 19 15:18:41 2024
72,iqaluit,63.7506,-68.5145,-20.31,61,20,12.66,CA,Mon Feb 19 15:18:42 2024
73,saipan,15.1355,145.701,81.3,69,20,19.57,MP,Mon Feb 19 15:17:22 2024
74,hermanus,-34.4187,19.2345,73.8,60,0,8.23,ZA,Mon Feb 19 15:18:43 2024
75,bishkek,42.87,74.59,8.8,85,100,1.72,KG,Mon Feb 19 15:18:44 2024
76,margaret river,-33.95,115.0667,75.87,45,100,2.08,AU,Mon Feb 19 15:18:44 2024
77,avarua,-21.2078,-159.775,84.25,65,75,21.85,CK,Mon Feb 19 15:17:10 2024
78,markovo,57.3206,107.0881,-18.15,97,100,6.8,RU,Mon Feb 19 15:18:45 2024
79,tughyl,47.7252,84.2063,-20.2,92,11,3.22,KZ,Mon Feb 19 15:18:45 2024
80,vorgashor,67.5833,63.95,12.65,93,100,18.92,RU,Mon Feb 19 15:18:46 2024
81,bilibino,68.0546,166.4372,-11.96,75,3,8.43,RU,Mon Feb 19 15:18:47 2024
82,urucara,-2.5364,-57.76,83.5,67,91,0.76,BR,Mon Feb 19 15:18:47 2024
83,punta arenas,-53.15,-70.9167,59.11,88,100,10.36,CL,Mon Feb 19 15:18:47 2024
84,nemuro,43.3236,145.575,32.22,90,100,17.25,JP,Mon Feb 19 15:18:48 2024
85,ust-nera,64.5667,143.2,-22.86,100,100,3.04,RU,Mon Feb 19 15:18:48 2024
86,kruisfontein,-34.0033,24.7314,65.88,95,3,7.14,ZA,Mon Feb 19 15:18:49 2024
87,carutapera,-1.195,-46.02,77.22,89,100,8.39,BR,Mon Feb 19 15:18:49 2024
88,saint croix,17.7397,-64.7388,81.05,81,20,10.36,VI,Mon Feb 19 15:18:49 2024
89,pueblo nuevo,23.3833,-105.3833,68.77,24,0,5.75,MX,Mon Feb 19 15:18:50 2024
90,kyosai,34.8503,128.5886,49.96,88,100,21.12,KR,Mon Feb 19 15:18:50 2024
91,talalayivka,50.9578,31.9209,28.94,72,100,8.12,UA,Mon Feb 19 15:18:51 2024
92,sao jose da coroa grande,-8.8978,-35.1478,81.97,79,56,7.49,BR,Mon Feb 19 15:18:51 2024
93,college,64.8569,-147.8028,32.07,70,40,5.75,US,Mon Feb 19 15:18:52 2024
94,hamilton,39.1834,-84.5333,50.14,36,0,0.0,US,Mon Feb 19 15:17:33 2024
95,puerto ayora,-0.7393,-90.3518,85.96,94,100,5.01,EC,Mon Feb 19 15:18:52 2024
96,klyuchi,52.2667,79.1667,-17.91,98,7,4.85,RU,Mon Feb 19 15:18:53 2024
97,pervomayskoye,43.919,46.7102,36.46,97,100,7.11,RU,Mon Feb 19 15:18:53 2024
98,kilindoni,-7.9139,39.6668,82.94,81,97,6.82,TZ,Mon Feb 19 15:18:54 2024
99,pacific grove,36.6177,-121.9166,65.89,71,20,30.0,US,Mon Feb 19 15:18:54 2024
100,puerto baquerizo moreno,-0.9,-89.6,81.59,89,75,8.05,EC,Mon Feb 19 15:18:55 2024
101,haiku-pauwela,20.9219,-156.3051,75.22,67,20,26.46,US,Mon Feb 19 15:18:55 2024
102,feijo,-8.1642,-70.3536,82.89,75,95,2.68,BR,Mon Feb 19 15:18:55 2024
103,san juan de miraflores,-12.1629,-76.9635,81.12,76,99,8.77,PE,Mon Feb 19 15:18:56 2024
104,nizhnyaya omka,55.4338,74.9426,-23.89,99,6,6.17,RU,Mon Feb 19 15:18:56 2024
105,coahuayana de hidalgo,18.7,-103.6583,83.71,51,0,7.76,MX,Mon Feb 19 15:18:57 2024
106,henderson,36.0397,-114.9819,71.94,30,20,18.41,US,Mon Feb 19 15:14:59 2024
107,acarau,-2.8856,-40.12,79.38,85,100,8.28,BR,Mon Feb 19 15:18:57 2024
108,howrah,22.5892,88.3103,75.2,88,40,4.61,IN,Mon Feb 19 15:18:58 2024
109,olyokminsk,60.3736,120.4264,-7.78,91,100,11.32,RU,Mon Feb 19 15:18:58 2024
110,georgetown,5.4112,100.3354,79.95,94,40,3.44,MY,Mon Feb 19 15:15:10 2024
111,pyapon,16.2833,95.6833,64.56,68,1,6.89,MM,Mon Feb 19 15:18:59 2024
112,sisimiut,66.9395,-53.6735,11.41,95,99,16.82,GL,Mon Feb 19 15:18:59 2024
113,baiti,13.745,-14.7482,89.19,9,28,12.21,SN,Mon Feb 19 15:19:00 2024
114,blackmans bay,-43.0167,147.3167,63.73,70,100,3.0,AU,Mon Feb 19 15:19:00 2024
115,kapuskasing,49.4169,-82.4331,5.09,56,100,5.75,CA,Mon Feb 19 15:19:01 2024
116,freetown,8.484,-13.2299,79.92,89,65,7.74,SL,Mon Feb 19 15:19:01 2024
117,saint-leu,-21.15,55.2833,76.06,69,33,7.02,RE,Mon Feb 19 15:19:02 2024
118,gazli,40.1333,63.45,23.63,31,1,6.44,UZ,Mon Feb 19 15:19:03 2024
119,bataipora,-22.2953,-53.2711,79.7,65,66,4.47,BR,Mon Feb 19 15:19:03 2024
120,labuan,5.2767,115.2417,77.36,94,20,0.0,MY,Mon Feb 19 15:19:04 2024
121,susuman,62.7833,148.1667,-28.19,99,100,3.36,RU,Mon Feb 19 15:19:04 2024
122,happy valley-goose bay,53.3168,-60.3315,5.31,61,75,10.36,CA,Mon Feb 19 15:19:06 2024
123,north branch,45.5113,-92.9802,39.31,51,100,7.36,US,Mon Feb 19 15:19:06 2024
124,bhimunipatnam,17.8833,83.4333,71.47,78,24,7.43,IN,Mon Feb 19 15:19:06 2024
125,bredasdorp,-34.5322,20.0403,68.45,89,3,3.69,ZA,Mon Feb 19 15:19:07 2024
126,jinka,5.65,36.65,71.22,63,95,1.63,ET,Mon Feb 19 15:19:07 2024
127,aasiaat,68.7098,-52.8699,7.74,99,92,3.74,GL,Mon Feb 19 15:19:08 2024
128,keflavik,64.0049,-22.5624,39.11,93,100,9.22,IS,Mon Feb 19 15:19:09 2024
129,san antonio de pale,-1.4014,5.6325,83.28,79,89,6.53,GQ,Mon Feb 19 15:19:10 2024
130,n'zeto,-7.2312,12.8666,80.56,81,86,5.95,AO,Mon Feb 19 15:19:12 2024
131,broken hill,-31.95,141.4333,78.53,16,47,10.25,AU,Mon Feb 19 15:19:12 2024
132,tolanaro,-25.0319,46.9987,72.59,79,9,10.07,MG,Mon Feb 19 15:19:13 2024
133,iskateley,67.6803,53.1512,18.01,91,100,21.99,RU,Mon Feb 19 15:19:14 2024
134,pimentel,-6.8367,-79.9342,88.09,51,0,17.27,PE,Mon Feb 19 15:19:14 2024
135,weno,7.4515,151.8468,82.35,69,20,13.8,FM,Mon Feb 19 15:19:15 2024
136,luganville,-15.5333,167.1667,83.37,77,76,3.67,VU,Mon Feb 19 15:19:16 2024
137,yuzhno-kurilsk,44.0306,145.8556,31.37,93,100,25.5,RU,Mon Feb 19 15:19:16 2024
138,alibag,18.6411,72.8792,77.07,70,55,8.7,IN,Mon Feb 19 15:19:17 2024
139,howard springs,-12.497,131.047,84.11,95,54,7.02,AU,Mon Feb 19 15:19:17 2024
140,labytnangi,66.6572,66.4183,-1.84,96,60,8.1,RU,Mon Feb 19 15:19:18 2024
141,alice springs,-23.7,133.8833,80.22,69,100,0.0,AU,Mon Feb 19 15:19:18 2024
142,liwale,-9.7667,37.9333,70.38,96,95,2.28,TZ,Mon Feb 19 15:19:18 2024
143,puerto francisco de orellana,-0.4667,-76.9667,89.65,70,40,3.44,EC,Mon Feb 19 15:19:19 2024
144,tamanrasset,22.785,5.5228,57.11,19,0,6.91,DZ,Mon Feb 19 15:19:19 2024
145,la'ie,21.6477,-157.9253,78.76,55,9,8.01,US,Mon Feb 19 15:19:20 2024
146,solnechnyy,50.7214,136.6319,-5.96,99,100,2.33,RU,Mon Feb 19 15:19:20 2024
147,nago,26.5881,127.9761,72.14,83,100,8.99,JP,Mon Feb 19 15:19:21 2024
148,guelmim,28.987,-10.0574,63.23,46,0,4.76,MA,Mon Feb 19 15:19:21 2024
149,swan hill,-35.3378,143.5544,70.5,51,36,5.44,AU,Mon Feb 19 15:19:21 2024
150,kota kinabalu,5.9749,116.0724,75.18,94,20,3.44,MY,Mon Feb 19 15:19:22 2024
151,illizi,26.4833,8.4667,60.6,20,90,9.8,DZ,Mon Feb 19 15:19:22 2024
152,uturoa,-16.7333,-151.4333,82.18,78,88,11.5,PF,Mon Feb 19 15:19:23 2024
153,ebon,4.582,168.6964,83.26,79,84,13.69,MH,Mon Feb 19 15:19:23 2024
154,quang ngai,15.1167,108.8,70.61,91,82,5.21,VN,Mon Feb 19 15:19:24 2024
155,margate,51.3813,1.3862,47.7,79,100,4.0,GB,Mon Feb 19 15:19:24 2024
156,grand falls-windsor,48.9332,-55.6649,12.2,91,56,5.19,CA,Mon Feb 19 15:19:25 2024
157,san rafael del sur,11.8485,-86.4384,94.17,36,21,18.9,NI,Mon Feb 19 15:19:26 2024
158,kodiak,57.79,-152.4072,42.31,81,0,11.5,US,Mon Feb 19 15:19:26 2024
159,pisco,-13.7,-76.2167,82.45,65,0,12.66,PE,Mon Feb 19 15:19:27 2024
160,leamington,42.0549,-82.6062,36.91,36,64,8.01,CA,Mon Feb 19 15:19:27 2024
161,sept-iles,50.2001,-66.3821,15.8,48,20,12.66,CA,Mon Feb 19 15:19:28 2024
162,enewetak,11.3474,162.3373,79.09,64,35,18.41,MH,Mon Feb 19 15:19:28 2024
163,afif,23.9065,42.9172,59.7,18,7,9.98,SA,Mon Feb 19 15:19:29 2024
164,tura,25.5198,90.2201,60.42,43,0,3.29,IN,Mon Feb 19 15:19:29 2024
165,timimoun,29.2639,0.231,62.98,36,0,10.36,DZ,Mon Feb 19 15:19:30 2024
166,cadale,2.7603,46.3222,79.36,67,98,19.15,SO,Mon Feb 19 15:19:30 2024
167,butte,39.6499,-121.5677,57.22,82,100,10.36,US,Mon Feb 19 15:19:02 2024
168,olonkinbyen,70.9221,-8.7187,29.26,98,100,18.43,SJ,Mon Feb 19 15:19:31 2024
169,itamaraca,-7.7478,-34.8256,84.25,79,9,7.11,BR,Mon Feb 19 15:19:31 2024
170,sambalpur,21.45,83.9667,69.58,49,0,1.01,IN,Mon Feb 19 15:19:32 2024
171,kumertau,52.7667,55.7833,2.64,78,100,6.4,RU,Mon Feb 19 15:19:32 2024
172,stralsund,54.3091,13.0818,46.02,95,100,14.54,DE,Mon Feb 19 15:19:33 2024
173,chonchi,-42.6128,-73.8092,78.01,58,0,6.04,CL,Mon Feb 19 15:19:33 2024
174,nema,57.5067,50.5011,-1.3,100,99,1.48,RU,Mon Feb 19 15:19:33 2024
175,st. john's,47.5649,-52.7093,24.78,91,40,19.57,CA,Mon Feb 19 15:15:31 2024
176,mgandu,-5.95,34.1333,63.81,93,100,1.77,TZ,Mon Feb 19 15:19:34 2024
177,nuevo ideal,24.8875,-105.0728,74.64,8,0,2.62,MX,Mon Feb 19 15:19:35 2024
178,bereznik,62.8551,42.7072,18.12,90,97,9.24,RU,Mon Feb 19 15:19:35 2024
179,champerico,14.3,-91.9167,93.74,62,0,10.92,GT,Mon Feb 19 15:19:35 2024
180,tvoroyri,61.5556,-6.8111,45.25,97,100,23.94,FO,Mon Feb 19 15:19:37 2024
181,albany,42.6001,-73.9662,30.06,44,3,3.0,US,Mon Feb 19 15:15:10 2024
182,strezhevoy,60.7333,77.5889,-3.03,88,35,11.99,RU,Mon Feb 19 15:19:38 2024
183,imranli,39.8754,38.1136,29.08,87,87,1.88,TR,Mon Feb 19 15:19:38 2024
184,vila velha,-20.3297,-40.2925,76.95,95,40,3.44,BR,Mon Feb 19 15:17:28 2024
185,kone,-21.0595,164.8658,82.74,63,73,3.09,NC,Mon Feb 19 15:19:39 2024
186,puerto princesa,9.7392,118.7353,75.18,94,20,6.91,PH,Mon Feb 19 15:19:39 2024
187,naze,28.3667,129.4833,68.92,84,98,10.96,JP,Mon Feb 19 15:19:40 2024
188,floro,61.5996,5.0328,40.96,93,100,6.91,NO,Mon Feb 19 15:19:40 2024
189,codrington,-38.2667,141.9667,61.5,77,100,2.3,AU,Mon Feb 19 15:19:41 2024
190,kiama,-34.6833,150.8667,73.0,94,99,7.49,AU,Mon Feb 19 15:19:41 2024
191,longyearbyen,78.2186,15.6401,8.44,72,0,3.44,SJ,Mon Feb 19 15:19:42 2024
192,dongtai,32.8523,120.3095,37.92,87,100,13.47,CN,Mon Feb 19 15:19:42 2024
193,isangel,-19.55,169.2667,84.04,74,66,3.91,VU,Mon Feb 19 15:19:42 2024
194,puerto lempira,15.2667,-83.7667,80.74,78,75,16.11,HN,Mon Feb 19 15:19:43 2024
195,revelstoke,50.9832,-118.2023,39.22,52,95,3.44,CA,Mon Feb 19 15:17:10 2024
196,ha tinh,18.3333,105.9,73.08,80,0,2.91,VN,Mon Feb 19 15:19:44 2024
197,anadyr,64.75,177.4833,18.1,79,100,11.18,RU,Mon Feb 19 15:19:44 2024
198,walvis bay,-22.9575,14.5053,61.75,88,100,4.88,NA,Mon Feb 19 15:19:45 2024
199,kingston,17.997,-76.7936,82.2,86,40,9.22,JM,Mon Feb 19 15:15:37 2024
200,santiago de cao,-7.9589,-79.2392,77.13,78,75,12.66,PE,Mon Feb 19 15:19:45 2024
201,laojunmiao,39.8333,97.7333,12.81,67,94,3.36,CN,Mon Feb 19 15:19:46 2024
202,coquimbo,-29.9533,-71.3436,67.73,77,75,9.22,CL,Mon Feb 19 15:19:46 2024
203,lazaro cardenas,17.9583,-102.2,81.95,58,0,11.88,MX,Mon Feb 19 15:15:37 2024
204,ancud,-41.8697,-73.8203,66.24,76,21,3.18,CL,Mon Feb 19 15:19:47 2024
205,koksan,38.7819,126.6664,36.07,89,100,5.59,KP,Mon Feb 19 15:19:48 2024
206,axim,4.8699,-2.2405,81.7,86,58,6.69,GH,Mon Feb 19 15:19:49 2024
207,nazca,-14.8333,-74.95,83.37,58,98,9.75,PE,Mon Feb 19 15:19:50 2024
208,itaituba,-4.2761,-55.9836,75.16,98,100,1.7,BR,Mon Feb 19 15:19:30 2024
209,port mathurin,-19.6833,63.4167,79.21,69,87,21.77,MU,Mon Feb 19 15:19:52 2024
210,khambhaliya,22.2072,69.6683,68.68,91,70,7.92,IN,Mon Feb 19 15:19:52 2024
211,tarlungeni,45.6333,25.75,35.33,94,99,2.46,RO,Mon Feb 19 15:19:54 2024
212,thompson,55.7435,-97.8558,6.96,56,20,6.91,CA,Mon Feb 19 15:19:54 2024
213,neiafu,-18.65,-173.9833,83.08,83,75,12.66,TO,Mon Feb 19 15:19:55 2024
214,karratha,-20.7377,116.8463,84.0,75,99,7.63,AU,Mon Feb 19 15:19:55 2024
215,tuy hoa,13.0833,109.3,70.3,93,76,3.15,VN,Mon Feb 19 15:19:55 2024
216,okha,53.5739,142.9478,-21.98,91,10,12.95,RU,Mon Feb 19 15:16:40 2024
217,cidade velha,14.9167,-23.6167,77.47,57,0,20.71,CV,Mon Feb 19 15:19:56 2024
218,qacha's nek,-30.1154,28.6894,55.26,94,30,1.52,LS,Mon Feb 19 15:19:57 2024
219,gaspe,48.8334,-64.4819,19.31,45,20,11.5,CA,Mon Feb 19 15:19:57 2024
220,malkapur,20.8833,76.2,73.8,28,2,4.12,IN,Mon Feb 19 15:19:58 2024
221,utrik,11.2278,169.8474,79.86,82,60,15.86,MH,Mon Feb 19 15:19:58 2024
222,khilok,51.3674,110.4676,-26.72,98,66,3.44,RU,Mon Feb 19 15:19:58 2024
223,egilsstadir,65.2653,-14.3948,39.11,87,75,6.91,IS,Mon Feb 19 15:19:59 2024
224,kalabo,-14.97,22.6814,76.39,54,95,4.68,ZM,Mon Feb 19 15:19:59 2024
225,rongelap,11.1635,166.8941,79.45,82,67,17.25,MH,Mon Feb 19 15:20:00 2024
226,reggane,26.7158,0.1714,69.4,24,0,18.25,DZ,Mon Feb 19 15:20:00 2024
227,luderitz,-26.6481,15.1594,63.45,91,54,7.18,NA,Mon Feb 19 15:20:00 2024
228,picota,-6.9197,-76.3304,93.69,58,89,4.29,PE,Mon Feb 19 15:20:01 2024
229,luwuk,-0.9516,122.7875,77.27,72,42,2.48,ID,Mon Feb 19 15:20:03 2024
230,greymouth,-42.4667,171.2,59.58,48,35,3.09,NZ,Mon Feb 19 15:20:08 2024
231,fortuna,40.5982,-124.1573,53.98,96,75,14.97,US,Mon Feb 19 15:20:09 2024
232,jaguarari,-10.2639,-40.1958,77.43,73,100,3.67,BR,Mon Feb 19 15:20:10 2024
233,ixtapa,20.7,-105.2,80.22,65,0,10.36,MX,Mon Feb 19 15:20:10 2024
234,mhamid,29.82,-5.72,61.83,30,0,6.08,MA,Mon Feb 19 15:20:11 2024
235,saldanha,-33.0117,17.9442,65.66,86,1,7.14,ZA,Mon Feb 19 15:20:13 2024
236,lompoc,34.6391,-120.4579,65.84,67,20,13.8,US,Mon Feb 19 15:20:13 2024
237,kamaishi,39.2667,141.8833,54.14,93,97,8.19,JP,Mon Feb 19 15:20:14 2024
238,tidjikja,18.5564,-11.4271,71.64,18,0,14.03,MR,Mon Feb 19 15:20:14 2024
239,cascais,38.6979,-9.4215,65.52,86,96,13.0,PT,Mon Feb 19 15:20:15 2024
240,kristiansund,63.1115,7.732,38.05,75,100,5.75,NO,Mon Feb 19 15:20:15 2024
241,broome,42.2506,-75.833,27.7,63,0,12.66,US,Mon Feb 19 15:20:16 2024
242,constantia,44.1833,28.65,38.08,73,19,6.22,RO,Mon Feb 19 15:20:16 2024
243,kapa'a,22.0752,-159.319,76.98,53,100,19.57,US,Mon Feb 19 15:20:17 2024
244,ungureni-jianu,47.8833,26.7833,37.38,69,99,10.0,RO,Mon Feb 19 15:20:17 2024
245,vilyuchinsk,52.9306,158.4028,16.07,94,100,1.41,RU,Mon Feb 19 15:20:18 2024
246,linares,-35.85,-71.6,82.63,34,75,11.95,CL,Mon Feb 19 15:20:18 2024
247,novodvinsk,64.4165,40.8122,20.95,91,100,9.75,RU,Mon Feb 19 15:20:19 2024
248,parauna,-16.9478,-50.4486,72.28,93,99,6.76,BR,Mon Feb 19 15:20:20 2024
249,cimin,39.7101,39.7021,33.87,75,75,1.14,TR,Mon Feb 19 15:20:20 2024
250,cruzeiro do sul,-29.5128,-51.9853,72.68,93,100,5.44,BR,Mon Feb 19 15:20:21 2024
251,afaahiti,-17.75,-149.2833,85.87,80,92,8.1,PF,Mon Feb 19 15:20:21 2024
252,fuglafjordur,62.244,-6.814,45.07,94,100,14.5,FO,Mon Feb 19 15:20:23 2024
253,pemangkat,1.1667,108.9667,76.89,92,32,6.44,ID,Mon Feb 19 15:20:24 2024
254,san ignacio rio muerto,27.4167,-110.2333,81.12,16,1,13.27,MX,Mon Feb 19 15:20:24 2024
255,palapye,-22.546,27.1251,71.64,63,2,8.01,BW,Mon Feb 19 15:20:25 2024
256,oranjemund,-28.55,16.4333,64.22,93,0,2.46,NA,Mon Feb 19 15:20:25 2024
257,makinsk,52.6292,70.4169,-26.52,100,63,3.13,KZ,Mon Feb 19 15:20:26 2024
258,paradip garh,20.3167,86.6167,73.76,85,0,9.06,IN,Mon Feb 19 15:20:27 2024
259,gobabis,-22.45,18.9667,75.31,52,94,2.3,NA,Mon Feb 19 15:20:27 2024
260,badger,64.8,-147.5333,31.98,70,40,5.75,US,Mon Feb 19 15:20:28 2024
261,yeniseysk,58.4497,92.1703,-34.06,100,95,1.01,RU,Mon Feb 19 15:19:41 2024
262,sinabang,2.4803,96.3801,76.57,95,100,4.03,ID,Mon Feb 19 15:20:30 2024
263,port elizabeth,-33.918,25.5701,70.09,91,0,13.8,ZA,Mon Feb 19 15:20:30 2024
264,cullowhee,35.3137,-83.1765,56.8,24,0,0.0,US,Mon Feb 19 15:20:31 2024
265,heroica guaymas,27.9333,-110.9,82.89,31,20,11.5,MX,Mon Feb 19 15:20:32 2024
266,cabo san lucas,22.8909,-109.9124,83.61,45,0,5.99,MX,Mon Feb 19 15:16:16 2024
267,umm kaddadah,13.6017,26.6876,68.4,13,22,15.66,SD,Mon Feb 19 15:20:33 2024
268,an muileann gcearr,53.5333,-7.35,44.67,77,100,11.27,IE,Mon Feb 19 15:20:34 2024
269,massawa,15.6097,39.45,76.32,75,29,10.63,ER,Mon Feb 19 15:20:35 2024
270,punta cana,18.5818,-68.4043,80.37,74,20,6.91,DO,Mon Feb 19 15:20:36 2024
271,taikang,46.8333,124.4167,-3.21,57,2,12.28,CN,Mon Feb 19 15:20:36 2024
272,nadym,65.5333,72.5167,11.26,89,98,22.26,RU,Mon Feb 19 15:20:37 2024
273,guiberoua,6.2392,-6.1727,77.88,84,76,8.81,CI,Mon Feb 19 15:20:38 2024
274,chimoio,-19.1164,33.4833,66.04,99,11,4.23,MZ,Mon Feb 19 15:20:41 2024
275,naracoorte,-36.9579,140.7383,66.7,58,100,9.26,AU,Mon Feb 19 15:20:44 2024
276,sarigerme,36.7155,28.7044,45.91,81,0,4.61,TR,Mon Feb 19 15:20:44 2024
277,horta,38.5333,-28.6333,63.01,95,100,5.01,PT,Mon Feb 19 15:20:45 2024
278,shalkar,47.8288,59.6258,3.42,90,45,8.99,KZ,Mon Feb 19 15:20:49 2024
279,baryshevo,54.9564,83.1822,-27.17,100,7,1.97,RU,Mon Feb 19 15:20:50 2024
280,lebu,-37.6167,-73.65,62.62,78,57,10.2,CL,Mon Feb 19 15:16:31 2024
281,mahina,-17.5065,-149.489,87.57,70,40,9.22,PF,Mon Feb 19 15:20:53 2024
282,newman,37.3138,-121.0208,67.24,58,56,8.01,US,Mon Feb 19 15:20:53 2024
283,port alfred,-33.5906,26.891,70.18,91,12,1.99,ZA,Mon Feb 19 15:20:54 2024
284,kiunga,-6.1219,141.2906,74.89,100,99,1.03,PG,Mon Feb 19 15:20:55 2024
285,sassnitz,54.5167,13.65,44.8,96,98,17.09,DE,Mon Feb 19 15:20:55 2024
286,stephenville,32.2207,-98.2023,72.39,31,0,8.05,US,Mon Feb 19 15:17:52 2024
287,moapa valley,36.5805,-114.4703,73.54,35,67,23.11,US,Mon Feb 19 15:20:56 2024
288,boca do acre,-8.7522,-67.3978,78.19,90,100,2.91,BR,Mon Feb 19 15:20:57 2024
289,east ballina,-28.8667,153.5833,70.81,88,61,7.29,AU,Mon Feb 19 15:20:57 2024
290,namibe,-15.1961,12.1522,77.14,69,99,3.58,AO,Mon Feb 19 15:20:58 2024
291,ola,59.5833,151.2833,-11.45,86,100,9.24,RU,Mon Feb 19 15:20:58 2024
292,svetlyy,54.675,20.1347,35.37,99,100,11.77,RU,Mon Feb 19 15:20:59 2024
293,chumphon,10.3333,98.8333,68.72,98,75,0.45,TH,Mon Feb 19 15:20:59 2024
294,carnarvon,-24.8667,113.6333,79.25,68,95,10.83,AU,Mon Feb 19 15:20:59 2024
295,puerto aysen,-45.4,-72.7,77.0,57,0,4.52,CL,Mon Feb 19 15:21:00 2024
296,tangalle,6.024,80.7911,77.29,82,17,13.91,LK,Mon Feb 19 15:21:00 2024
297,lac-brome,45.2168,-72.5158,16.65,81,100,9.53,CA,Mon Feb 19 15:21:02 2024
298,mityana,0.4175,32.0228,68.72,75,100,1.03,UG,Mon Feb 19 15:21:02 2024
299,colares,38.7992,-9.4469,65.34,85,99,13.0,PT,Mon Feb 19 15:21:03 2024
300,santa maria,-29.6842,-53.8069,69.1,100,75,2.3,BR,Mon Feb 19 15:21:03 2024
301,yaya,56.206,86.44,-29.33,100,24,1.7,RU,Mon Feb 19 15:21:04 2024
302,yerofey pavlovich,53.9667,121.9667,-30.44,97,74,3.8,RU,Mon Feb 19 15:21:04 2024
303,griffith,41.5284,-87.4237,49.86,45,0,9.22,US,Mon Feb 19 15:21:06 2024
304,hasaki,35.7333,140.8333,66.29,87,98,28.07,JP,Mon Feb 19 15:21:07 2024
305,slupsk,54.4641,17.0287,39.45,97,100,11.18,PL,Mon Feb 19 15:21:08 2024
306,sao joao da barra,-21.6403,-41.0511,73.49,91,86,4.56,BR,Mon Feb 19 15:21:09 2024
307,matanzas,23.0411,-81.5775,72.36,64,75,12.66,CU,Mon Feb 19 15:16:15 2024
308,humberto de campos,-2.5983,-43.4611,77.16,91,97,4.94,BR,Mon Feb 19 15:18:23 2024
309,olinda,-8.0089,-34.8553,83.93,79,20,6.91,BR,Mon Feb 19 15:21:11 2024
310,rawlins,41.7911,-107.2387,42.69,52,0,13.8,US,Mon Feb 19 15:21:12 2024
311,dunay,42.8803,132.3375,9.72,62,12,26.84,RU,Mon Feb 19 15:21:13 2024
312,emmett,43.8735,-116.4993,48.36,93,100,6.76,US,Mon Feb 19 15:21:14 2024
313,al mishkhab,31.8042,44.4911,60.85,48,30,5.48,IQ,Mon Feb 19 15:21:14 2024
314,dalai,45.5,124.3,-2.38,54,0,9.66,CN,Mon Feb 19 15:16:40 2024
315,flying fish cove,-10.4217,105.6791,74.88,94,40,0.0,CX,Mon Feb 19 15:21:16 2024
316,marsa alam,25.0757,34.8918,65.1,57,60,13.89,EG,Mon Feb 19 15:16:21 2024
317,grand baie,-20.0182,57.5802,77.47,91,100,1.99,MU,Mon Feb 19 15:21:17 2024
318,kourou,5.1552,-52.6478,82.45,80,91,6.22,GF,Mon Feb 19 15:21:18 2024
319,palikir - national government center,6.9248,158.1611,81.45,83,75,16.11,FM,Mon Feb 19 15:19:49 2024
320,kosum phisai,16.2486,103.0674,82.33,60,51,7.63,TH,Mon Feb 19 15:21:19 2024
321,kodinsk,58.6881,99.1844,-9.56,98,99,4.16,RU,Mon Feb 19 15:21:19 2024
322,oktyabr'skiy,54.4815,53.471,9.1,94,100,6.69,RU,Mon Feb 19 15:21:20 2024
323,davao,6.813,125.7085,73.58,86,83,12.5,PH,Mon Feb 19 15:21:21 2024
324,myeik,12.4333,98.6,75.31,73,100,3.62,MM,Mon Feb 19 15:21:22 2024
325,pohang,36.0322,129.365,46.81,84,100,14.58,KR,Mon Feb 19 15:21:23 2024
326,wadebridge,50.5173,-4.8363,49.37,100,75,9.22,GB,Mon Feb 19 15:21:23 2024
327,kharp,66.8014,65.8081,-3.98,100,56,2.62,RU,Mon Feb 19 15:21:24 2024
328,callaway,30.153,-85.5699,60.04,47,0,13.8,US,Mon Feb 19 15:21:24 2024
329,lata,40.1629,-8.3327,58.91,86,99,3.49,PT,Mon Feb 19 15:21:25 2024
330,revda,56.801,59.9303,11.19,84,100,5.84,RU,Mon Feb 19 15:21:26 2024
331,point pedro,9.8167,80.2333,79.23,73,1,12.46,LK,Mon Feb 19 15:21:26 2024
332,leh,34.1667,77.5833,16.65,98,100,4.83,IN,Mon Feb 19 15:21:27 2024
333,kokshetau,53.2775,69.3883,-20.79,93,45,6.04,KZ,Mon Feb 19 15:21:27 2024
334,atafu village,-8.5421,-172.5159,83.08,80,100,11.81,TK,Mon Feb 19 15:21:28 2024
335,richards bay,-28.783,32.0377,73.98,87,95,4.38,ZA,Mon Feb 19 15:21:28 2024
336,cooma,-36.2333,149.1333,64.83,82,100,5.64,AU,Mon Feb 19 15:21:29 2024
337,usinsk,65.9939,57.5281,16.07,89,100,21.0,RU,Mon Feb 19 15:21:30 2024
338,tucuma,-0.1833,-50.05,79.25,78,97,9.6,BR,Mon Feb 19 15:21:30 2024
339,belle chasse,29.8549,-89.9906,63.0,36,0,6.91,US,Mon Feb 19 15:21:32 2024
340,kazerun,29.6195,51.6541,48.85,68,1,3.69,IR,Mon Feb 19 15:21:33 2024
341,sitka,57.0531,-135.33,44.49,87,75,0.0,US,Mon Feb 19 15:21:33 2024
342,santana,-0.0583,-51.1817,84.38,74,75,4.61,BR,Mon Feb 19 15:21:34 2024
343,holualoa,19.6228,-155.9522,73.78,70,75,6.91,US,Mon Feb 19 15:21:34 2024
344,hammerfest,70.6634,23.6821,28.85,86,100,20.71,NO,Mon Feb 19 15:21:35 2024
345,byron bay,-28.65,153.6167,70.72,89,64,8.3,AU,Mon Feb 19 15:21:35 2024
346,funafuti,-8.5243,179.1942,82.4,83,100,5.75,TV,Mon Feb 19 15:21:36 2024
347,siguatepeque,14.6,-87.8333,67.44,70,99,6.87,HN,Mon Feb 19 15:21:36 2024
348,palmer,42.1584,-72.3287,32.63,25,0,5.01,US,Mon Feb 19 15:21:37 2024
349,east london,-33.0153,27.9116,70.7,86,49,12.46,ZA,Mon Feb 19 15:21:37 2024
350,cidreira,-30.1811,-50.2056,74.17,80,100,8.12,BR,Mon Feb 19 15:21:38 2024
351,arraial do cabo,-22.9661,-42.0278,75.16,88,20,0.0,BR,Mon Feb 19 15:21:38 2024
352,male,4.1748,73.5089,81.99,75,40,13.11,MV,Mon Feb 19 15:21:38 2024
353,north bend,43.4065,-124.2243,58.24,76,100,6.91,US,Mon Feb 19 15:21:39 2024
354,annau,37.8876,58.516,27.9,80,100,6.91,TM,Mon Feb 19 15:21:39 2024
355,poronaysk,49.2167,143.1167,-6.99,90,76,7.81,RU,Mon Feb 19 15:16:49 2024
356,pudozh,61.8099,36.5345,16.95,92,81,8.01,RU,Mon Feb 19 15:21:41 2024
357,mujiayingzi,42.1167,118.7833,2.64,49,81,4.23,CN,Mon Feb 19 15:21:41 2024
358,callao,-12.0667,-77.15,82.69,61,0,16.11,PE,Mon Feb 19 15:21:41 2024
359,laguna,38.421,-121.4238,63.14,68,100,21.85,US,Mon Feb 19 15:21:42 2024
360,lorengau,-2.0226,147.2712,83.59,78,100,9.22,PG,Mon Feb 19 15:21:42 2024
361,bikenibeu village,1.3673,173.1241,85.96,79,75,11.5,KI,Mon Feb 19 15:21:43 2024
362,salima,-13.7804,34.4587,73.81,75,62,2.98,MW,Mon Feb 19 15:21:44 2024
363,dudinka,69.4058,86.1778,1.67,95,100,25.01,RU,Mon Feb 19 15:21:44 2024
364,launceston,-41.45,147.1667,67.15,67,100,2.3,AU,Mon Feb 19 15:21:45 2024
365,gazojak,41.1875,61.4036,23.88,41,5,6.46,TM,Mon Feb 19 15:21:45 2024
366,thinadhoo,0.5333,72.9333,82.4,81,95,10.89,MV,Mon Feb 19 15:21:46 2024
367,cockburn town,21.4612,-71.1419,80.56,74,20,6.91,TC,Mon Feb 19 15:21:47 2024
368,tazacorte,28.629,-17.9293,71.15,31,75,10.36,ES,Mon Feb 19 15:21:47 2024
369,nampula,-15.1165,39.2666,71.22,94,100,3.76,MZ,Mon Feb 19 15:21:47 2024
370,lagos,6.5833,3.75,82.31,84,4,5.17,NG,Mon Feb 19 15:20:00 2024
371,ust-tsilma,65.441,52.1498,20.61,92,97,8.99,RU,Mon Feb 19 15:19:19 2024
372,lihue,21.9789,-159.3672,76.24,53,100,19.57,US,Mon Feb 19 15:21:49 2024
373,gadzhiyevo,69.2551,33.3362,26.89,89,100,12.17,RU,Mon Feb 19 15:21:49 2024
374,brooks,50.5834,-111.8851,30.18,56,5,3.44,CA,Mon Feb 19 15:21:49 2024
375,colonia,50.9333,6.95,47.95,84,75,17.27,DE,Mon Feb 19 15:17:46 2024
376,rudbar,30.15,62.6,50.07,30,0,5.88,AF,Mon Feb 19 15:21:50 2024
377,crane,31.3974,-102.3501,74.79,14,1,10.74,US,Mon Feb 19 15:21:51 2024
378,badr hunayn,23.7829,38.7905,65.28,54,30,5.99,SA,Mon Feb 19 15:21:51 2024
379,touros,-5.1989,-35.4608,81.45,78,13,8.34,BR,Mon Feb 19 15:21:51 2024
380,fale old settlement,-9.3852,-171.2468,83.01,82,100,12.59,TK,Mon Feb 19 15:21:52 2024
381,tralee,52.2704,-9.7026,49.8,95,100,8.86,IE,Mon Feb 19 15:21:53 2024
382,paphos,34.7667,32.4167,49.78,76,0,8.05,CY,Mon Feb 19 15:20:11 2024
383,kachug,53.9606,105.8817,-36.83,100,75,0.83,RU,Mon Feb 19 15:21:53 2024
384,clyde,41.3042,-82.9752,41.22,65,56,3.65,US,Mon Feb 19 15:21:54 2024
385,ilebo,-4.3167,20.5833,73.11,86,77,1.45,CD,Mon Feb 19 15:21:54 2024
386,vila franca do campo,37.7167,-25.4333,64.89,99,95,3.18,PT,Mon Feb 19 15:21:55 2024
387,sakakah,29.9697,40.2064,53.17,44,7,5.77,SA,Mon Feb 19 15:21:55 2024
388,mormugao,15.4,73.8,76.26,88,8,4.61,IN,Mon Feb 19 15:21:56 2024
389,yamada,39.4667,141.95,54.7,90,99,8.16,JP,Mon Feb 19 15:21:56 2024
390,belyy yar,53.6039,91.3903,-23.91,83,63,0.0,RU,Mon Feb 19 15:21:56 2024
391,xining,36.6167,101.7667,26.51,43,51,1.21,CN,Mon Feb 19 15:21:57 2024
392,chinde,26.8418,88.0763,44.91,48,0,5.08,NP,Mon Feb 19 15:21:57 2024
393,westport,41.1415,-73.3579,38.55,32,0,8.05,US,Mon Feb 19 15:21:57 2024
394,quellon,-43.1167,-73.6167,65.97,72,15,11.36,CL,Mon Feb 19 15:21:58 2024
395,orange walk,17.8333,-88.8333,81.64,48,77,2.64,BZ,Mon Feb 19 15:21:58 2024
396,kununurra,-15.7667,128.7333,80.58,89,75,9.22,AU,Mon Feb 19 15:21:59 2024
397,yaren,-0.5472,166.916,85.01,76,66,12.33,NR,Mon Feb 19 15:21:59 2024
398,manta,-0.95,-80.7333,83.98,94,75,9.22,EC,Mon Feb 19 15:20:56 2024
399,yugorsk,61.3133,63.3319,10.89,92,89,9.31,RU,Mon Feb 19 15:17:55 2024
400,geraldton,-28.7667,114.6,66.61,48,100,5.75,AU,Mon Feb 19 15:22:00 2024
401,road town,18.4167,-64.6167,82.49,74,20,10.36,VG,Mon Feb 19 15:19:13 2024
402,nkhotakota,-12.9274,34.2961,74.3,78,23,3.94,MW,Mon Feb 19 15:22:06 2024
403,ammon,43.4696,-111.9666,37.9,90,100,9.22,US,Mon Feb 19 15:21:45 2024
404,yanam,16.7333,82.2167,67.01,94,25,1.34,IN,Mon Feb 19 15:22:07 2024
405,nantucket,41.2835,-70.0995,35.74,60,0,8.05,US,Mon Feb 19 15:22:07 2024
406,pamandzi,-12.7967,45.2794,83.98,79,0,5.75,YT,Mon Feb 19 15:22:08 2024
407,mount pearl,47.5166,-52.7813,23.95,91,40,19.57,CA,Mon Feb 19 15:20:25 2024
408,luanda,-8.8368,13.2343,82.4,89,40,4.61,AO,Mon Feb 19 15:22:09 2024
409,borzya,50.3833,116.5167,-34.28,100,22,2.06,RU,Mon Feb 19 15:22:10 2024
410,san patricio,28.017,-97.5169,71.69,47,0,9.93,US,Mon Feb 19 15:22:10 2024
411,springbok,-29.6643,17.8865,69.84,34,1,4.68,ZA,Mon Feb 19 15:22:11 2024
412,mejit,10.2753,170.8646,80.76,81,59,16.04,MH,Mon Feb 19 15:22:12 2024
413,kilju,40.9642,129.3278,25.57,88,88,5.21,KP,Mon Feb 19 15:22:12 2024
414,leava,-14.3,-178.1667,78.96,93,100,21.85,WF,Mon Feb 19 15:22:13 2024
415,ad dawadimi,24.5077,44.3924,54.75,36,13,5.75,SA,Mon Feb 19 15:22:14 2024
416,guarapari,-20.6667,-40.4975,76.89,89,80,4.27,BR,Mon Feb 19 15:22:15 2024
417,nizhnesortymskiy,62.4397,71.7603,10.09,91,83,20.18,RU,Mon Feb 19 15:22:16 2024
418,port-vila,-17.7338,168.3219,83.8,84,75,4.61,VU,Mon Feb 19 15:22:16 2024
419,narra,9.3167,118.4,74.82,87,15,7.18,PH,Mon Feb 19 15:22:17 2024
420,soata,6.3337,-72.6828,74.12,58,99,5.68,CO,Mon Feb 19 15:22:18 2024
421,zouerate,22.7187,-12.4521,70.41,19,0,15.05,MR,Mon Feb 19 15:22:18 2024
422,kimbe,-5.5502,150.1429,80.2,87,100,1.16,PG,Mon Feb 19 15:22:19 2024
423,znomenka,48.7128,32.6647,28.0,67,81,4.14,UA,Mon Feb 19 15:22:19 2024
424,alofi,-19.0595,-169.9187,80.49,94,100,11.5,NU,Mon Feb 19 15:22:20 2024
425,brokopondo,4.75,-55.1667,86.13,51,94,11.81,SR,Mon Feb 19 15:22:20 2024
426,krasnozerskoye,53.9828,79.2374,-27.22,100,20,3.04,RU,Mon Feb 19 15:22:21 2024
427,dryden,49.7833,-92.7503,23.29,42,0,3.44,CA,Mon Feb 19 15:22:22 2024
428,krasnyy chikoy,50.3643,108.7512,-30.37,99,24,1.3,RU,Mon Feb 19 15:22:22 2024
429,hounde,11.5,-3.5167,83.3,10,1,8.46,BF,Mon Feb 19 15:22:23 2024
430,vadso,70.0744,29.7487,28.56,86,75,14.97,NO,Mon Feb 19 15:22:24 2024
431,ponneri,13.3167,80.2,76.98,76,5,6.8,IN,Mon Feb 19 15:22:24 2024
432,jabor,5.921,169.6434,81.95,81,61,14.05,MH,Mon Feb 19 15:22:25 2024
433,gebeit,21.0667,36.3167,58.37,62,13,3.76,SD,Mon Feb 19 15:22:25 2024
434,kapiri mposhi,-13.9652,28.6809,66.27,71,68,4.65,ZM,Mon Feb 19 15:22:26 2024
435,svetlyy yar,48.4748,44.781,24.4,95,85,8.55,RU,Mon Feb 19 15:19:28 2024
436,mwembe,-4.15,37.85,70.09,92,100,2.57,TZ,Mon Feb 19 15:22:27 2024
437,campbell river,50.0163,-125.2446,52.18,54,75,4.61,CA,Mon Feb 19 15:22:27 2024
438,bucerias,20.75,-105.3333,80.98,65,0,10.36,MX,Mon Feb 19 15:18:46 2024
439,mossel bay,-34.1831,22.146,66.13,90,9,11.45,ZA,Mon Feb 19 15:22:28 2024
440,tsimlyansk,47.6461,42.1019,30.24,82,94,9.4,RU,Mon Feb 19 15:22:29 2024
441,molde,62.7375,7.1591,40.71,80,100,6.91,NO,Mon Feb 19 15:22:29 2024
442,san pedro pochutla,15.7333,-96.4667,85.71,50,1,7.02,MX,Mon Feb 19 15:22:29 2024
443,carloforte,39.145,8.3058,56.37,86,100,16.69,IT,Mon Feb 19 15:22:30 2024
444,yarmouth,41.7057,-70.2286,35.15,52,0,8.99,US,Mon Feb 19 15:22:30 2024
445,betio village,1.358,172.9211,86.04,79,100,17.27,KI,Mon Feb 19 15:22:31 2024
446,lensk,60.7253,114.9278,-8.09,94,100,16.06,RU,Mon Feb 19 15:22:32 2024
447,niederstetten,49.4,9.9194,48.29,91,75,11.5,DE,Mon Feb 19 15:22:32 2024
448,dapa,9.7594,126.0531,78.03,87,73,14.12,PH,Mon Feb 19 15:22:33 2024
449,chibougamau,49.9168,-74.3659,1.02,55,0,10.36,CA,Mon Feb 19 15:22:33 2024
450,tambopata,-12.7333,-69.1833,85.89,74,40,3.44,PE,Mon Feb 19 15:22:34 2024
451,kozarska dubica,45.1767,16.8094,46.51,87,100,0.65,BA,Mon Feb 19 15:22:35 2024
452,ghat,24.9647,10.1728,60.85,23,0,4.85,LY,Mon Feb 19 15:22:36 2024
453,bata,1.8639,9.7658,81.41,84,87,7.78,GQ,Mon Feb 19 15:22:36 2024
454,trairi,-3.2778,-39.2689,78.15,89,66,5.68,BR,Mon Feb 19 15:18:47 2024
455,matoury,4.8483,-52.3317,82.36,74,40,6.91,GF,Mon Feb 19 15:22:37 2024
456,huarmey,-10.0681,-78.1522,80.1,71,77,10.31,PE,Mon Feb 19 15:22:38 2024
457,nezlobnaya,44.1181,43.4028,37.44,99,100,5.17,RU,Mon Feb 19 15:22:38 2024
458,gjovik,60.7947,10.6929,11.21,98,89,2.19,NO,Mon Feb 19 15:22:39 2024
459,charters towers,-20.1,146.2667,77.29,73,47,11.5,AU,Mon Feb 19 15:22:39 2024
460,kas,36.2018,29.6377,54.82,69,6,4.68,TR,Mon Feb 19 15:22:40 2024
461,piui,-20.4653,-45.9581,69.96,87,68,3.71,BR,Mon Feb 19 15:22:40 2024
462,virginia beach,36.8529,-75.978,47.01,56,20,8.05,US,Mon Feb 19 15:21:36 2024
463,santa cruz,-17.8,-63.1667,80.65,74,40,9.22,BO,Mon Feb 19 15:20:56 2024
464,greenville,35.6127,-77.3663,54.12,38,0,3.44,US,Mon Feb 19 15:18:11 2024
465,lachendorf,52.6167,10.25,49.08,94,75,8.05,DE,Mon Feb 19 15:22:42 2024
466,pirallahi,40.4723,50.333,42.94,76,97,9.69,AZ,Mon Feb 19 15:22:42 2024
467,dien bien phu,21.3833,103.0167,58.37,42,0,0.94,VN,Mon Feb 19 15:22:43 2024
468,karliova,39.2983,41.0142,17.13,95,86,3.98,TR,Mon Feb 19 15:22:43 2024
469,port saint john's,-31.6229,29.5448,69.85,90,31,7.38,ZA,Mon Feb 19 15:22:44 2024
470,praia da vitoria,38.7333,-27.0667,62.85,94,40,6.22,PT,Mon Feb 19 15:22:44 2024
471,chake chake,-5.2459,39.7666,80.53,83,67,5.53,TZ,Mon Feb 19 15:22:44 2024
472,bosaso,11.2842,49.1816,74.7,74,27,2.17,SO,Mon Feb 19 15:22:45 2024
473,nigel,-26.4314,28.4771,70.39,76,36,6.22,ZA,Mon Feb 19 15:22:45 2024
474,ajdabiya,30.7554,20.2263,55.96,69,0,8.1,LY,Mon Feb 19 15:22:46 2024
475,bardai,11.65,7.2333,76.19,17,1,5.77,NG,Mon Feb 19 15:22:46 2024
476,seeb,23.6703,58.1891,68.09,56,0,2.3,OM,Mon Feb 19 15:22:47 2024
477,hluti,-27.2167,31.6167,69.13,95,98,0.85,SZ,Mon Feb 19 15:22:47 2024
478,pyt-yakh,60.7499,72.8582,4.66,88,13,12.73,RU,Mon Feb 19 15:22:48 2024
479,nabire,-3.3667,135.4833,77.34,92,100,2.33,ID,Mon Feb 19 15:22:48 2024
480,tirmiz,37.2242,67.2783,33.89,86,100,4.61,UZ,Mon Feb 19 15:22:49 2024
481,kandahar,31.0,65.75,43.21,40,0,4.65,AF,Mon Feb 19 15:22:49 2024
482,ntcheu,-14.8203,34.6359,66.97,79,52,4.43,MW,Mon Feb 19 15:22:50 2024
483,nieuw amsterdam,5.8833,-55.0833,84.36,61,20,4.61,SR,Mon Feb 19 15:22:50 2024
484,okhotsk,59.3833,143.3,-14.22,89,100,11.07,RU,Mon Feb 19 15:22:50 2024
485,urzhar,47.093,81.6294,-14.48,80,6,4.99,KZ,Mon Feb 19 15:22:51 2024
486,glace bay,46.1969,-59.957,27.05,72,75,18.41,CA,Mon Feb 19 15:22:51 2024
487,kegeyli shahar,42.7767,59.6078,10.49,65,9,5.32,UZ,Mon Feb 19 15:22:52 2024
488,jaragua,-15.7569,-49.3344,71.71,95,100,5.32,BR,Mon Feb 19 15:22:52 2024
489,hobyo,5.3505,48.5268,78.8,65,100,18.03,SO,Mon Feb 19 15:22:53 2024
490,"laikit, laikit ii (dimembe)",1.4792,124.9735,72.45,94,20,1.14,ID,Mon Feb 19 15:22:53 2024
491,kanniyakumari,8.0833,77.5667,77.97,80,10,17.38,IN,Mon Feb 19 15:22:53 2024
492,port moresby,-9.4431,147.1797,79.34,82,100,5.57,PG,Mon Feb 19 15:22:54 2024
493,pushkino,56.0172,37.8667,8.89,100,99,2.37,RU,Mon Feb 19 15:22:54 2024
494,chengde,40.9725,117.9361,13.73,39,100,0.87,CN,Mon Feb 19 15:22:55 2024
495,leirvik,59.7798,5.5005,40.86,98,100,0.89,NO,Mon Feb 19 15:22:55 2024
496,troitskoye,52.9821,84.6757,-21.93,91,6,4.79,RU,Mon Feb 19 15:22:56 2024
497,kralendijk,12.15,-68.2667,82.38,74,20,18.41,BQ,Mon Feb 19 15:22:56 2024
498,casarza ligure,44.2719,9.447,56.44,80,95,4.0,IT,Mon Feb 19 15:22:58 2024
499,hovd,48.0056,91.6419,-6.48,77,100,3.67,MN,Mon Feb 19 15:22:58 2024
500,tazovsky,67.4667,78.7,10.13,91,100,20.6,RU,Mon Feb 19 15:22:59 2024
501,imeni morozova,59.9757,31.0376,26.64,94,64,7.83,RU,Mon Feb 19 15:22:59 2024
502,scarborough,54.2797,-0.4044,47.66,87,100,3.0,GB,Mon Feb 19 15:23:00 2024
503,arkhangel'sk,64.5401,40.5433,21.31,79,75,11.18,RU,Mon Feb 19 15:23:00 2024
504,berriane,32.8265,3.7669,56.21,48,98,4.36,DZ,Mon Feb 19 15:23:03 2024
505,inhambane,-23.865,35.3833,73.38,94,75,10.89,MZ,Mon Feb 19 15:23:04 2024
506,eregli,37.5133,34.0467,38.23,66,50,3.29,TR,Mon Feb 19 15:23:04 2024
507,kargil,34.5667,76.1,14.52,87,100,6.58,IN,Mon Feb 19 15:20:10 2024
508,biaora,23.8667,76.9167,68.18,34,59,7.02,IN,Mon Feb 19 15:23:05 2024
509,guatire,10.4762,-66.5427,79.97,71,37,4.18,VE,Mon Feb 19 15:23:05 2024
510,lamu,-2.2717,40.902,79.93,84,100,11.25,KE,Mon Feb 19 15:23:06 2024
511,kavalerovo,44.2661,135.0572,4.55,73,22,15.37,RU,Mon Feb 19 15:23:06 2024
512,kuanda,56.3161,116.0806,-32.58,97,91,0.43,RU,Mon Feb 19 15:23:08 2024
513,fedorovka,53.6314,62.7078,-15.5,95,23,7.47,KZ,Mon Feb 19 15:23:09 2024
514,cefalu,38.0386,14.0229,55.74,85,99,7.0,IT,Mon Feb 19 15:23:10 2024
515,fomboni,-12.28,43.7425,83.21,72,96,4.16,KM,Mon Feb 19 15:23:12 2024
516,tshabong,-26.05,22.45,87.08,32,68,11.16,BW,Mon Feb 19 15:23:13 2024
517,chabahar,25.2919,60.643,71.73,61,0,14.72,IR,Mon Feb 19 15:23:13 2024
518,peace river,56.2501,-117.286,28.71,50,20,3.44,CA,Mon Feb 19 15:20:57 2024
519,panacan,9.2463,118.4082,76.12,85,13,9.55,PH,Mon Feb 19 15:23:15 2024
520,trincomalee,8.5711,81.2335,81.07,70,77,12.91,LK,Mon Feb 19 15:23:15 2024
521,bartica,6.4,-58.6167,84.52,62,75,7.52,GY,Mon Feb 19 15:23:16 2024
522,choyr,46.3611,108.3611,-22.27,80,79,6.06,MN,Mon Feb 19 15:23:16 2024
523,dakhla,23.6848,-15.958,72.05,43,0,16.02,EH,Mon Feb 19 15:23:17 2024
524,labrador city,52.9463,-66.9114,-0.49,69,75,10.36,CA,Mon Feb 19 15:23:17 2024
525,tofol,5.3248,163.0078,82.18,83,75,17.27,FM,Mon Feb 19 15:23:18 2024
526,badamdar,40.3394,49.8039,40.95,81,91,11.68,AZ,Mon Feb 19 15:23:18 2024
527,khanbari,27.3747,87.2039,51.67,48,1,3.76,NP,Mon Feb 19 15:23:19 2024
528,tanumah,27.1,44.1333,58.35,45,0,9.55,SA,Mon Feb 19 15:23:19 2024
529,capo d'orlando,38.1435,14.7305,55.42,74,98,3.67,IT,Mon Feb 19 15:23:19 2024
530,akureyri,65.6835,-18.0878,35.53,75,0,5.75,IS,Mon Feb 19 15:23:20 2024
531,sao vicente,-23.9631,-46.3919,80.78,83,39,7.0,BR,Mon Feb 19 15:23:20 2024
532,kotlas,61.2611,46.6556,13.12,96,99,5.97,RU,Mon Feb 19 15:23:21 2024
533,veinticinco de mayo,-35.4323,-60.1727,88.74,27,0,7.78,AR,Mon Feb 19 15:23:21 2024
534,marsannay-la-cote,47.271,4.989,49.01,81,100,8.05,FR,Mon Feb 19 15:23:22 2024
535,robertsport,6.7533,-11.3686,82.22,85,100,7.52,LR,Mon Feb 19 15:23:22 2024
536,la ronge,55.1001,-105.2842,14.22,48,20,6.91,CA,Mon Feb 19 15:23:23 2024
537,skovorodino,53.9833,123.9167,-37.03,100,39,2.35,RU,Mon Feb 19 15:23:23 2024
538,spring creek,40.7266,-115.5859,37.71,89,100,3.98,US,Mon Feb 19 15:23:24 2024
539,eirunepe,-6.6603,-69.8736,84.94,76,99,1.25,BR,Mon Feb 19 15:23:24 2024
540,korla,41.7597,86.1469,20.46,39,90,9.64,CN,Mon Feb 19 15:23:25 2024
541,silale,55.4906,22.1814,30.72,97,100,11.34,LT,Mon Feb 19 15:23:25 2024
542,xinyuan,37.3,99.0,21.61,54,95,1.97,CN,Mon Feb 19 15:23:26 2024
543,svatove,49.4103,38.1503,25.57,83,10,5.08,UA,Mon Feb 19 15:23:26 2024
544,prado,-17.3411,-39.2208,76.26,95,91,10.51,BR,Mon Feb 19 15:23:26 2024
545,jinzhou,41.1078,121.1417,9.64,32,92,16.67,CN,Mon Feb 19 15:23:27 2024
546,palu,-0.8917,119.8707,74.35,88,19,4.09,ID,Mon Feb 19 15:23:29 2024
547,pijijiapan,15.7011,-93.23,95.63,28,0,4.61,MX,Mon Feb 19 15:23:29 2024
548,menongue,-14.6585,17.691,64.17,81,84,0.4,AO,Mon Feb 19 15:23:30 2024
549,waitara,-38.925,174.25,66.45,61,8,12.97,NZ,Mon Feb 19 15:23:30 2024
550,tripoli,32.8752,13.1875,58.03,67,5,1.79,LY,Mon Feb 19 15:23:31 2024
551,mirny,62.5353,113.9611,-13.77,69,100,15.99,RU,Mon Feb 19 15:23:31 2024
552,coruripe,-10.1256,-36.1756,81.46,83,23,12.28,BR,Mon Feb 19 15:23:16 2024
553,mount vernon,40.9126,-73.8371,39.88,33,0,12.66,US,Mon Feb 19 15:23:32 2024
554,queenstown,-31.8976,26.8753,62.55,87,62,2.04,ZA,Mon Feb 19 15:23:32 2024
555,buka,40.8108,69.1986,31.53,97,100,4.76,UZ,Mon Feb 19 15:23:33 2024
556,kayangel,8.0823,134.7173,81.0,80,40,16.62,PW,Mon Feb 19 15:23:33 2024
557,christchurch,-43.5333,172.6333,59.2,45,20,16.11,NZ,Mon Feb 19 15:23:33 2024
558,ben gardane,33.1378,11.2197,57.61,70,58,5.64,TN,Mon Feb 19 15:23:34 2024
559,taroa,8.7058,171.2275,82.09,78,43,18.41,MH,Mon Feb 19 15:23:34 2024
560,lakatoro,-16.0999,167.4164,83.44,73,94,2.44,VU,Mon Feb 19 15:23:35 2024
561,berdyaush,55.1619,59.1464,0.23,95,100,1.97,RU,Mon Feb 19 15:23:35 2024
562,dalandzadgad,43.5708,104.425,4.48,56,100,5.28,MN,Mon Feb 19 15:23:36 2024
563,inongo,-1.95,18.2667,76.23,85,94,3.58,CD,Mon Feb 19 15:23:36 2024
564,outjo,-20.1167,16.15,70.66,59,73,4.18,NA,Mon Feb 19 15:23:38 2024
565,rauma,61.1272,21.5113,30.24,95,100,7.99,FI,Mon Feb 19 15:23:38 2024
566,yung shue wan,22.2333,114.1167,74.62,90,26,11.01,HK,Mon Feb 19 15:23:39 2024
567,jinxiang,27.4327,120.6062,56.01,97,95,9.46,CN,Mon Feb 19 15:23:39 2024
568,farsala,39.2947,22.3847,53.33,84,100,3.27,GR,Mon Feb 19 15:23:40 2024
569,mollendo,-17.0231,-72.0147,74.66,85,88,5.03,PE,Mon Feb 19 15:23:40 2024
570,yakeshi,49.2833,120.7333,-32.62,99,81,5.32,CN,Mon Feb 19 15:23:41 2024
571,tiruppur,11.1,77.35,78.15,84,5,5.12,IN,Mon Feb 19 15:23:41 2024
572,caleta de carquin,-11.0925,-77.6267,79.43,72,72,10.33,PE,Mon Feb 19 15:23:42 2024
573,polyarnyy,69.1989,33.4478,27.52,89,100,12.55,RU,Mon Feb 19 15:23:42 2024
574,huai'an,33.5886,119.0192,32.92,92,100,15.1,CN,Mon Feb 19 15:23:42 2024
575,hajjah,15.6943,43.6058,61.23,87,73,3.69,YE,Mon Feb 19 15:23:43 2024
576,belmonte,-15.8631,-38.8828,76.82,94,100,8.97,BR,Mon Feb 19 15:23:43 2024
577,gebre guracha,9.8,38.4,58.26,75,96,2.86,ET,Mon Feb 19 15:23:44 2024
578,gorno-altaysk,51.9561,85.955,-17.48,100,84,1.99,RU,Mon Feb 19 15:23:44 2024
579,samfya,-11.3649,29.5565,68.83,85,100,1.45,ZM,Mon Feb 19 15:23:44 2024
